{"stats":{"minecraft:custom":{"minecraft:jump":415,"minecraft:time_since_rest":7663,"minecraft:leave_game":1,"minecraft:damage_dealt":181,"minecraft:crouch_one_cm":414,"minecraft:walk_on_water_one_cm":231,"minecraft:sprint_one_cm":51572,"minecraft:play_time":7663,"minecraft:damage_taken":214,"minecraft:time_since_death":7663,"minecraft:walk_one_cm":9237,"minecraft:sneak_time":174,"minecraft:total_world_time":7663,"minecraft:walk_under_water_one_cm":1048,"minecraft:swim_one_cm":10134,"minecraft:fall_one_cm":15693,"minecraft:fly_one_cm":86368},"minecraft:mined":{"minecraft:grass":1,"minecraft:fern":2}},"DataVersion":3465}