{"stats":{"minecraft:custom":{"minecraft:jump":499,"minecraft:time_since_rest":13095,"minecraft:leave_game":1,"minecraft:damage_dealt":64,"minecraft:crouch_one_cm":337,"minecraft:sprint_one_cm":62579,"minecraft:play_time":13095,"minecraft:damage_taken":281,"minecraft:time_since_death":13095,"minecraft:walk_one_cm":7998,"minecraft:sneak_time":72,"minecraft:total_world_time":13095,"minecraft:drop":1,"minecraft:fall_one_cm":19579,"minecraft:fly_one_cm":102808},"minecraft:mined":{"minecraft:large_fern":1,"minecraft:grass":8,"minecraft:spruce_leaves":3,"minecraft:fern":5},"minecraft:picked_up":{"minecraft:wheat_seeds":1},"minecraft:dropped":{"minecraft:wheat_seeds":1}},"DataVersion":3465}